images,labels
Crocadilian-1.jpg,0
frog-1.jpg,1
lizard-1.jpg,2
newts-1.jpg,3
otherAmp-1.jpg,4
salamander-1.jpg,5
Snake-1.jpg,6
Toad-1.jpg,7
Tuatara-1.jpg,8
Turtle-1.jpg,9
croc-2.jpg,0
newts-2.jpg,3
sal1.jpg,5
sal.jpg,5
sal2.jpg,5
sal7.jpg,5
sal8.jpg,5
sal6.jpg,5
sal9.jpg,5
sal10.jpg,5
sal11.jpg,5
sal12.jpg,5
sal13.jpg,5
sal14.jpg,5
sal15.jpg,5
sal16.jpg,5
sal17.jpg,5
sal18.jpg,5
sal19.jpg,5
sal20.jpg,5
sal22.jpg,5
sal23.jpg,5
sal24.jpg,5
sal25.jpg,5
sal26.jpg,5
sal27.jpg,5
sal28.jpg,5
sal29.jpg,5
sal30.jpg,5
sal31.jpg,5
sal32.jpg,5
sal33.jpg,5
sal34.jpg,5
sal35.jpg,5
sal37.jpg,5
sal38.jpg,5
sal39.jpg,5
sal40.jpg,5
sal41.jpg,5
sal42.jpg,5
sal43.jpg,5
sal44.jpg,5
sal45.jpg,5
sal46.jpg,5
sal47.jpg,5
sal48.jpg,5
sal49.jpg,5
sal50.jpg,5
sal51.jpg,5
sal52.jpg,5
sal53.jpg,5
sal54.jpg,5
sal55.jpg,5
sal56.jpg,5
sal57.jpg,5
sal58.jpg,5
sal59.jpg,5
sal60.jpg,5
sal71.jpg,5
sal72.jpg,5
sal73.jpg,5
sal74.jpg,5
sal75.jpg,5
sal76.jpg,5
sal77.jpg,5
sal78.jpg,5
sal79.jpg,5
sal80.jpg,5
sal81.jpg,5
sal82.jpg,5
sal83.jpg,5
sal84.jpg,5
sal85.jpg,5
sal86.jpg,5
sal87.jpg,5
sal88.jpg,5
sal89.jpg,5
sal90.jpg,5
sal91.jpg,5
sal92.jpg,5
sal93.jpg,5
sal94.jpg,5
sal95.jpg,5
sal96.jpg,5
sal97.jpg,5
sal98.jpg,5
sal99.jpg,5
sal100.jpg,5
sal101.jpg,5
sal102.jpg,5
sal103.jpg,5
croc.jpg,0
croc1.jpg,0
croc2.jpg,0
croc3.jpg,0
croc4.jpg,0
croc5.jpg,0
croc6.jpg,0
croc11.jpg,0
croc13.jpg,0
croc14.jpg,0
croc15.jpg,0
croc16.jpg,0
croc18.jpg,0
croc19.jpg,0
croc20.jpg,0
croc21.jpg,0
croc22.jpg,0
croc23.jpg,0
croc24.jpg,0
croc25.jpg,0
croc26.jpg,0
croc27.jpg,0
croc28.jpg,0
croc29.jpg,0
croc30.jpg,0
croc31.jpg,0
croc32.jpg,0
croc33.jpg,0
croc34.jpg,0
croc35.jpg,0
croc36.jpg,0
croc37.jpg,0
croc38.jpg,0
croc39.jpg,0
croc40.jpg,0
croc41.jpg,0
croc42.jpg,0
croc43.jpg,0
croc44.jpg,0
croc45.jpg,0
croc46.jpg,0
croc47.jpg,0
croc48.jpg,0
croc50.jpg,0
croc51.jpg,0
croc52.jpg,0
croc54.jpg,0
croc55.jpg,0
croc56.jpg,0
croc57.jpg,0
croc58.jpg,0
croc59.jpg,0
croc60.jpg,0
croc61.jpg,0
croc62.jpg,0
croc63.jpg,0
croc64.jpg,0
croc65.jpg,0
croc66.jpg,0
croc67.jpg,0
croc68.jpg,0
croc69.jpg,0
croc70.jpg,0
croc71.jpg,0
croc72.jpg,0
croc73.jpg,0
croc74.jpg,0
croc75.jpg,0
croc76.jpg,0
croc78.jpg,0
croc79.jpg,0
croc80.jpg,0
croc81.jpg,0
croc82.jpg,0
croc84.jpg,0
croc85.jpg,0
croc86.jpg,0
croc87.jpg,0
croc88.jpg,0
croc89.jpg,0
croc90.jpg,0
croc91.jpg,0
croc92.jpg,0
croc93.jpg,0
croc94.jpg,0
frog.jpg,1
frog-1.jpg,1
frog2.jpg,1
frog-3.jpg,1
frog4.jpg,1
frog6.jpg,1
frog7.jpg,1
frog8.jpg,1
frog9.jpg,1
frog10.jpg,1
frog11.jpg,1
frog13.jpg,1
frog14.jpg,1
frog15.jpg,1
frog16.jpg,1
frog17.jpg,1
frog18.jpg,1
frog19.jpg,1
frog20.jpg,1
frog21.jpg,1
frog22.jpg,1
frog23.jpg,1
frog24.jpg,1
frog25.jpg,1
frog26.jpg,1
frog27.jpg,1
frog28.jpg,1
frog29.jpg,1
frog30.jpg,1
frog31.jpg,1
frog32.jpg,1
frog33.jpg,1
frog1.jpg,1
frog34.jpg,1
frog35.jpg,1
frog36.jpg,1
frog37.jpg,1
frog39.jpg,1
frog40.jpg,1
frog41.jpg,1
frog42.jpg,1
frog43.jpg,1
frog44.jpg,1
frog45.jpg,1
frog46.jpg,1
frog47.jpg,1
frog48.jpg,1
frog49.jpg,1
frog50.jpg,1
frog51.jpg,1
frog52.jpg,1
frog53.jpg,1
frog54.jpg,1
frog55.jpg,1
frog56.jpg,1
frog57.jpg,1
frog58.jpg,1
frog59.jpg,1
frog60.jpg,1
frog61.jpg,1
frog62.jpg,1
frog63.jpg,1
frog65.jpg,1
frog66.jpg,1
frog67.jpg,1
frog68.jpg,1
frog69.jpg,1
frog70.jpg,1
frog71.jpg,1
frog72.jpg,1
frog73.jpg,1
frog74.jpg,1
frog75.jpg,1
frog76.jpg,1
frog77.jpg,1
frog78.jpg,1
frog79.jpg,1
frog80.jpg,1
frog81.jpg,1
frog82.jpg,1
frog83.jpg,1
frog84.jpg,1
frog85.jpg,1
frog86.jpg,1
frog87.jpg,1
frog88.jpg,1
frog89.jpg,1
frog90.jpg,1
frog91.jpg,1
frog92.jpg,1
frog93.jpg,1
frog95.jpg,1
frog96.jpg,1
frog97.jpg,1
frog98.jpg,1
frog99.jpg,1
frog100.jpg,1
frog101.jpg,1
frog102.jpg,1
liz1.jpg,2
liz2.jpg,2
liz3.jpg,2
liz4.jpg,2
liz5.jpg,2
liz6.jpg,2
liz7.jpg,2
liz8.jpg,2
liz9.jpg,2
liz10.jpg,2
liz11.jpg,2
liz12.jpg,2
liz13.jpg,2
liz14.jpg,2
liz15.jpg,2
liz16.jpg,2
liz17.jpg,2
liz18.jpg,2
liz19.jpg,2
liz20.jpg,2
liz21.jpg,2
liz22.jpg,2
liz23.jpg,2
liz24.jpg,2
liz25.jpg,2
liz26.jpg,2
liz27.jpg,2
liz28.jpg,2
liz29.jpg,2
liz30.jpg,2
liz31.jpg,2
liz32.jpg,2
liz33.jpg,2
liz34.jpg,2
liz35.jpg,2
liz36.jpg,2
liz37.jpg,2
liz38.jpg,2
liz39.jpg,2
liz40.jpg,2
liz42.jpg,2
liz43.jpg,2
liz44.jpg,2
liz45.jpg,2
liz46.jpg,2
liz47.jpg,2
liz48.jpg,2
liz49.jpg,2
liz50.jpg,2
liz51.jpg,2
liz52.jpg,2
liz53.jpg,2
liz55.jpg,2
liz56.jpg,2
liz57.jpg,2
liz58.jpg,2
liz59.jpg,2
liz60.jpg,2
liz61.jpg,2
liz62.jpg,2
liz63.jpg,2
liz64.jpg,2
liz65.jpg,2
liz66.jpg,2
liz67.jpg,2
liz68.jpg,2
liz69.jpg,2
liz70.jpg,2
liz71.jpg,2
liz72.jpg,2
liz73.jpg,2
liz74.jpg,2
liz75.jpg,2
liz76.jpg,2
liz77.jpg,2
liz78.jpg,2
liz79.jpg,2
liz80.jpg,2
liz81.jpg,2
liz82.jpg,2
liz83.jpg,2
liz84.jpg,2
liz85.jpg,2
liz92.jpg,2
liz93.jpg,2
newt1.jpg,3
newt2.jpg,3
newt3.jpg,3
newt4.jpg,3
newt5.jpg,3
newt6.jpg,3
newt7.jpg,3
newt10.jpg,3
newt12.jpg,3
newt13.jpg,3
newt14.jpg,3
newt15.jpg,3
newt16.jpg,3
newt17.jpg,3
newt18.jpg,3
newt19.jpg,3
newt20.jpg,3
newt21.jpg,3
newt22.jpg,3
newt23.jpg,3
newt24.jpg,3
newt25.jpg,3
newt26.jpg,3
newt27.jpg,3
newt28.jpg,3
newt30.jpg,3
newt31.jpg,3
newt32.jpg,3
newt33.jpg,3
newt34.jpg,3
newt35.jpg,3
newt36.jpg,3
newt37.jpg,3
newt38.jpg,3
newt39.jpg,3
newt40.jpg,3
newt41.jpg,3
newt42.jpg,3
newt43.jpg,3
newt44.jpg,3
newt46.jpg,3
newt47.jpg,3
newt48.jpg,3
newt49.jpg,3
newt50.jpg,3
newt51.jpg,3
newt52.jpg,3
newt54.jpg,3
newt55.jpg,3
newt56.jpg,3
newt57.jpg,3
newt58.jpg,3
newt59.jpg,3
newt60.jpg,3
newt61.jpg,3
newt62.jpg,3
newt66.jpg,3
newt64.jpg,3
newt67.jpg,3
newt68.jpg,3
newt69.jpg,3
newt70.jpg,3
newt71.jpg,3
newt72.jpg,3
otham1.jpg,4
otham2.jpg,4
otham3.jpg,4
otham4.jpg,4
otham6.jpg,4
otham7.jpg,4
otham8.jpg,4
otham10.jpg,4
otham11.jpg,4
otham12.jpg,4
otham14.jpg,4
otham15.jpg,4
otham17.jpg,4
otham18.jpg,4
otham19.jpg,4
otham20.jpg,4
otham21.jpg,4
otham22.jpg,4
otham23.jpg,4
otham24.jpg,4
otham25.jpg,4
otham26.jpg,4
otham27.jpg,4
otham28.jpg,4
otham29.jpg,4
otham30.jpg,4
otham31.jpg,4
otham32.jpg,4
otham33.jpg,4
otham34.jpg,4
otham35.jpg,4
otham36.jpg,4
otham37.jpg,4
otham38.jpg,4
otham39.jpg,4
otham40.jpg,4
otham41.jpg,4
otham42.jpg,4
otham43.jpg,4
otham44.jpg,4
otham45.jpg,4
otham46.jpg,4
otham47.jpg,4
otham48.jpg,4
otham49.jpg,4
otham50.jpg,4
otham51.jpg,4
otham53.jpg,4
otham54.jpg,4
otham55.jpg,4
otham56.jpg,4
otham57.jpg,4
snake3.jpg,6
snake6.jpg,6
snake8.jpg,6
snake9.jpg,6
snake12.jpg,6
snake15.jpg,6
snake16.jpg,6
snake17.jpg,6
snake18.jpg,6
snake19.jpg,6
snake20.jpg,6
snake21.jpg,6
snake22.jpg,6
snake23.jpg,6
snake24.jpg,6
snake25.jpg,6
snake26.jpg,6
snake27.jpg,6
snake28.jpg,6
snake29.jpg,6
snake30.jpg,6
snake31.jpg,6
snake32.jpg,6
snake33.jpg,6
snake34.jpg,6
snake35.jpg,6
snake36.jpg,6
snake37.jpg,6
snake38.jpg,6
snake39.jpg,6
snake40.jpg,6
snake41.jpg,6
snake42.jpg,6
snake44.jpg,6
snake45.jpg,6
snake46.jpg,6
snake47.jpg,6
snake48.jpg,6
snake49.jpg,6
snake50.jpg,6
snake51.jpg,6
snake52.jpg,6
snake53.jpg,6
snake54.jpg,6
snake55.jpg,6
snake56.jpg,6
snake57.jpg,6
snake58.jpg,6
snake59.jpg,6
snake60.jpg,6
snake61.jpg,6
snake62.jpg,6
snake63.jpg,6
snake64.jpg,6
snake65.jpg,6
snake66.jpg,6
snake67.jpg,6
snake68.jpg,6
snake69.jpg,6
snake70.jpg,6
snake71.jpg,6
snake72.jpg,6
snake73.jpg,6
snake74.jpg,6
snake75.jpg,6
snake76.jpg,6
snake77.jpg,6
snake78.jpg,6
snake79.jpg,6
snake80.jpg,6
snake81.jpg,6
snake82.jpg,6
snake83.jpg,6
snake84.jpg,6
snake85.jpg,6
snake86.jpg,6
snake87.jpg,6
snake88.jpg,6
snake89.jpg,6
snake90.jpg,6
snake91.jpg,6
snake92.jpg,6
snake93.jpg,6
snake94.jpg,6
snake95.jpg,6
snake96.jpg,6
snake97.jpg,6
snake98.jpg,6
snake99.jpg,6
snake100.jpg,6
snake101.jpg,6
snake102.jpg,6
newt73.jpg,3
toad1.jpg,7
toad2.jpg,7
toad3.jpg,7
toad4.jpg,7
toad5.jpg,7
toad6.jpg,7
toad7.jpg,7
toad8.jpg,7
toad9.jpg,7
toad10.jpg,7
toad11.jpg,7
toad12.jpg,7
toad13.jpg,7
toad14.jpg,7
toad15.jpg,7
toad16.jpg,7
toad17.jpg,7
toad19.jpg,7
toad20.jpg,7
toad21.jpg,7
toad22.jpg,7
toad23.jpg,7
toad25.jpg,7
toad26.jpg,7
toad27.jpg,7
toad29.jpg,7
toad30.jpg,7
toad31.jpg,7
toad32.jpg,7
toad33.jpg,7
toad34.jpg,7
toad35.jpg,7
toad36.jpg,7
toad37.jpg,7
toad38.jpg,7
toad39.jpg,7
toad40.jpg,7
toad41.jpg,7
toad42.jpg,7
toad43.jpg,7
toad44.jpg,7
toad45.jpg,7
toad46.jpg,7
toad47.jpg,7
toad48.jpg,7
toad49.jpg,7
toad50.jpg,7
toad51.jpg,7
toad52.jpg,7
toad53.jpg,7
toad54.jpg,7
toad55.jpg,7
toad56.jpg,7
toad57.jpg,7
toad58.jpg,7
toad59.jpg,7
toad60.jpg,7
toad61.jpg,7
toad62.jpg,7
toad63.jpg,7
toad65.jpg,7
toad66.jpg,7
toad67.jpg,7
toad68.jpg,7
toad69.jpg,7
toad70.jpg,7
toad72.jpg,7
toad73.jpg,7
toad74.jpg,7
toad75.jpg,7
toad76.jpg,7
toad77.jpg,7
toad78.jpg,7
toad79.jpg,7
toad80.jpg,7
toad81.jpg,7
toad82.jpg,7
toad83.jpg,7
toad84.jpg,7
toad85.jpg,7
toad86.jpg,7
toad87.jpg,7
toad88.jpg,7
toad89.jpg,7
toad90.jpg,7
toad91.jpg,7
tuat.jpg,8
tuat2.jpg,8
tuat3.jpg,8
tuat4.jpg,8
tuat5.jpg,8
tuat6.jpg,8
tuat7.jpg,8
tuat8.jpg,8
tuat9.jpg,8
tuat10.jpg,8
tuat11.jpg,8
tuat12.jpg,8
tuat13.jpg,8
tuat14.jpg,8
tuat15.jpg,8
tuat16.jpg,8
tuat17.jpg,8
tuat18.jpg,8
tuat19.jpg,8
tuat20.jpg,8
tuat21.jpg,8
tuat22.jpg,8
tuat23.jpg,8
tuat24.jpg,8
tuat25.jpg,8
tuat26.jpg,8
tuat27.jpg,8
tuat28.jpg,8
tuat29.jpg,8
tuat30.jpg,8
tuat31.jpg,8
tuat32.jpg,8
tuat33.jpg,8
tuat34.jpg,8
tuat35.jpg,8
tuat36.jpg,8
turt1.jpg,9
turt2.jpg,9
turt3.jpg,9
turt4.jpg,9
turt5.jpg,9
turt7.jpg,9
turt8.jpg,9
turt9.jpg,9
turt10.jpg,9
turt11.jpg,9
turt12.jpg,9
turt14.jpg,9
turt16.jpg,9
turt17.jpg,9
turt18.jpg,9
turt19.jpg,9
turt20.jpg,9
turt21.jpg,9
turt22.jpg,9
turt23.jpg,9
turt24.jpg,9
turt25.jpg,9
turt26.jpg,9
turt27.jpg,9
turt28.jpg,9
turt29.jpg,9
turt30.jpg,9
turt31.jpg,9
turt32.jpg,9
turt33.jpg,9
turt34.jpg,9
turt36.jpg,9
turt37.jpg,9
turt38.jpg,9
turt39.jpg,9
turt40.jpg,9
turt41.jpg,9
turt42.jpg,9
turt43.jpg,9
turt44.jpg,9
turt45.jpg,9
turt46.jpg,9
turt47.jpg,9
turt48.jpg,9
turt49.jpg,9
turt50.jpg,9
turt51.jpg,9
turt52.jpg,9
turt53.jpg,9
turt54.jpg,9
turt55.jpg,9
turt56.jpg,9
turt57.jpg,9
turt58.jpg,9
turt59.jpg,9
turt60.jpg,9
turt61.jpg,9
turt62.jpg,9
turt63.jpg,9
turt64.jpg,9
turt66.jpg,9
turt67.jpg,9
turt68.jpg,9
turt69.jpg,9
turt70.jpg,9
turt71.jpg,9
turt72.jpg,9
turt73.jpg,9
turt74.jpg,9
turt75.jpg,9
turt76.jpg,9
turt77.jpg,9
turt78.jpg,9
turt80.jpg,9
turt81.jpg,9
turt82.jpg,9
turt83.jpg,9
turt84.jpg,9
turt85.jpg,9
turt86.jpg,9
turt87.jpg,9
turt88.jpg,9
turt89.jpg,9
turt90.jpg,9
turt92.jpg,9
turt93.jpg,9
turt94.jpg,9
turt95.jpg,9
